bug_id,method,apfd,num_tests,num_triggering,dataset
1,Random,0.375,4,1,Lang
1,FailureHistory,0.625,4,1,Lang
1,ChangeFrequency,0.875,4,1,Lang
1,ComplexityOnly,0.875,4,1,Lang
1,Proposed,0.875,4,1,Lang
3,Random,0.125,4,1,Lang
3,FailureHistory,0.875,4,1,Lang
3,ChangeFrequency,0.875,4,1,Lang
3,ComplexityOnly,0.875,4,1,Lang
3,Proposed,0.875,4,1,Lang
4,Random,0.375,4,1,Lang
4,FailureHistory,0.125,4,1,Lang
4,ChangeFrequency,0.875,4,1,Lang
4,ComplexityOnly,0.875,4,1,Lang
4,Proposed,0.875,4,1,Lang
5,Random,0.5,1,1,Lang
5,FailureHistory,0.5,1,1,Lang
5,ChangeFrequency,0.5,1,1,Lang
5,ComplexityOnly,0.5,1,1,Lang
5,Proposed,0.5,1,1,Lang
6,Random,0.3888888888888889,9,1,Lang
6,FailureHistory,0.7222222222222223,9,1,Lang
6,ChangeFrequency,0.9444444444444444,9,1,Lang
6,ComplexityOnly,0.9444444444444444,9,1,Lang
6,Proposed,0.9444444444444444,9,1,Lang
7,Random,0.125,4,1,Lang
7,FailureHistory,0.875,4,1,Lang
7,ChangeFrequency,0.875,4,1,Lang
7,ComplexityOnly,0.875,4,1,Lang
7,Proposed,0.875,4,1,Lang
8,Random,0.6875,8,2,Lang
8,FailureHistory,0.125,8,2,Lang
8,ChangeFrequency,0.875,8,2,Lang
8,ComplexityOnly,0.875,8,2,Lang
8,Proposed,0.875,8,2,Lang
9,Random,0.5625,8,2,Lang
9,FailureHistory,0.125,8,2,Lang
9,ChangeFrequency,0.875,8,2,Lang
9,ComplexityOnly,0.875,8,2,Lang
9,Proposed,0.75,8,2,Lang
10,Random,0.6875,8,2,Lang
10,FailureHistory,0.875,8,2,Lang
10,ChangeFrequency,0.875,8,2,Lang
10,ComplexityOnly,0.875,8,2,Lang
10,Proposed,0.875,8,2,Lang
11,Random,0.5,1,1,Lang
11,FailureHistory,0.5,1,1,Lang
11,ChangeFrequency,0.5,1,1,Lang
11,ComplexityOnly,0.5,1,1,Lang
11,Proposed,0.5,1,1,Lang
1,Random,0.4047619047619047,21,2,Math
1,FailureHistory,0.6666666666666666,21,2,Math
1,ChangeFrequency,0.761904761904762,21,2,Math
1,ComplexityOnly,0.761904761904762,21,2,Math
1,Proposed,0.761904761904762,21,2,Math
2,Random,0.5,1,1,Math
2,FailureHistory,0.5,1,1,Math
2,ChangeFrequency,0.5,1,1,Math
2,ComplexityOnly,0.5,1,1,Math
2,Proposed,0.5,1,1,Math
3,Random,0.2993421052631578,152,1,Math
3,FailureHistory,0.0164473684210526,152,1,Math
3,ChangeFrequency,0.9967105263157896,152,1,Math
3,ComplexityOnly,0.9967105263157896,152,1,Math
3,Proposed,0.9967105263157896,152,1,Math
4,Random,0.625,4,2,Math
4,FailureHistory,0.375,4,2,Math
4,ChangeFrequency,0.75,4,2,Math
4,ComplexityOnly,0.75,4,2,Math
4,Proposed,0.75,4,2,Math
5,Random,0.2499999999999999,10,1,Math
5,FailureHistory,0.65,10,1,Math
5,ChangeFrequency,0.95,10,1,Math
5,ComplexityOnly,0.95,10,1,Math
5,Proposed,0.95,10,1,Math
6,Random,0.6020408163265306,21,7,Math
6,FailureHistory,0.3503401360544218,21,7,Math
6,ChangeFrequency,0.5340136054421769,21,7,Math
6,ComplexityOnly,0.4931972789115646,21,7,Math
6,Proposed,0.5816326530612245,21,7,Math
7,Random,0.55,30,1,Math
7,FailureHistory,0.5833333333333334,30,1,Math
7,ChangeFrequency,0.9833333333333334,30,1,Math
7,ComplexityOnly,0.9833333333333334,30,1,Math
7,Proposed,0.9833333333333334,30,1,Math
8,Random,0.25,2,1,Math
8,FailureHistory,0.25,2,1,Math
8,ChangeFrequency,0.75,2,1,Math
8,ComplexityOnly,0.75,2,1,Math
8,Proposed,0.75,2,1,Math
9,Random,0.125,4,1,Math
9,FailureHistory,0.625,4,1,Math
9,ChangeFrequency,0.875,4,1,Math
9,ComplexityOnly,0.875,4,1,Math
9,Proposed,0.625,4,1,Math
10,Random,0.2741935483870967,31,1,Math
10,FailureHistory,0.8870967741935484,31,1,Math
10,ChangeFrequency,0.9193548387096774,31,1,Math
10,ComplexityOnly,0.9193548387096774,31,1,Math
10,Proposed,0.8870967741935484,31,1,Math
1,Random,0.5,11,1,Jsoup
1,FailureHistory,0.3181818181818182,11,1,Jsoup
1,ChangeFrequency,0.3181818181818182,11,1,Jsoup
1,ComplexityOnly,0.3181818181818182,11,1,Jsoup
1,Proposed,0.3181818181818182,11,1,Jsoup
2,Random,0.45,10,1,Jsoup
2,FailureHistory,0.95,10,1,Jsoup
2,ChangeFrequency,0.95,10,1,Jsoup
2,ComplexityOnly,0.95,10,1,Jsoup
2,Proposed,0.95,10,1,Jsoup
3,Random,0.4166666666666667,12,2,Jsoup
3,FailureHistory,0.7916666666666666,12,2,Jsoup
3,ChangeFrequency,0.9166666666666666,12,2,Jsoup
3,ComplexityOnly,0.8333333333333333,12,2,Jsoup
3,Proposed,0.9166666666666666,12,2,Jsoup
4,Random,0.3181818181818182,11,1,Jsoup
4,FailureHistory,0.5909090909090908,11,1,Jsoup
4,ChangeFrequency,0.9545454545454544,11,1,Jsoup
4,ComplexityOnly,0.9545454545454544,11,1,Jsoup
4,Proposed,0.9545454545454544,11,1,Jsoup
5,Random,0.1499999999999999,10,1,Jsoup
5,FailureHistory,0.95,10,1,Jsoup
5,ChangeFrequency,0.95,10,1,Jsoup
5,ComplexityOnly,0.95,10,1,Jsoup
5,Proposed,0.95,10,1,Jsoup
6,Random,0.7692307692307693,13,2,Jsoup
6,FailureHistory,0.8461538461538461,13,2,Jsoup
6,ChangeFrequency,0.923076923076923,13,2,Jsoup
6,ComplexityOnly,0.923076923076923,13,2,Jsoup
6,Proposed,0.923076923076923,13,2,Jsoup
7,Random,0.8076923076923076,13,1,Jsoup
7,FailureHistory,0.5,13,1,Jsoup
7,ChangeFrequency,0.9615384615384616,13,1,Jsoup
7,ComplexityOnly,0.9615384615384616,13,1,Jsoup
7,Proposed,0.9615384615384616,13,1,Jsoup
8,Random,0.0384615384615384,13,1,Jsoup
8,FailureHistory,0.7307692307692307,13,1,Jsoup
8,ChangeFrequency,0.9615384615384616,13,1,Jsoup
8,ComplexityOnly,0.9615384615384616,13,1,Jsoup
8,Proposed,0.9615384615384616,13,1,Jsoup
9,Random,0.1153846153846153,13,1,Jsoup
9,FailureHistory,0.9615384615384616,13,1,Jsoup
9,ChangeFrequency,0.9615384615384616,13,1,Jsoup
9,ComplexityOnly,0.9615384615384616,13,1,Jsoup
9,Proposed,0.9615384615384616,13,1,Jsoup
10,Random,0.1153846153846153,13,1,Jsoup
10,FailureHistory,0.423076923076923,13,1,Jsoup
10,ChangeFrequency,0.9615384615384616,13,1,Jsoup
10,ComplexityOnly,0.9615384615384616,13,1,Jsoup
10,Proposed,0.9615384615384616,13,1,Jsoup
